{
  "MW": {
    "mean": 189.23127383592018,
    "std": 97.78139247329749,
    "min": 16.043,
    "max": 780.9490000000001
  },
  "LogP": {
    "mean": 2.431123957871398,
    "std": 1.7097693271794316,
    "min": -3.8346000000000005,
    "max": 10.388599999999993
  },
  "TPSA": {
    "mean": 30.299545454545456,
    "std": 31.277115305141663,
    "min": 0.0,
    "max": 203.05999999999997
  }
}